{
    "system_total_stopped": 32.64040286179261,
    "system_total_waiting_time": 75.10571968504493,
    "system_mean_waiting_time": 72.49225638891099,
    "system_mean_speed": -5.2272926646533335,
    "tl_stopped": 32.46120143614483,
    "tl_accumulated_waiting_time": 70.89818718674891,
    "tl_average_speed": -6.126378080054914,
    "agents_total_stopped": 32.46120143614483,
    "agents_total_accumulated_waiting_time": 70.89818718674891
}