{
    "system_total_stopped": 26.494719805137567,
    "system_total_waiting_time": 50.942419017820065,
    "system_mean_waiting_time": 40.71815179069266,
    "system_mean_speed": -29.314540135931814,
    "tl_stopped": 22.782875443532927,
    "tl_accumulated_waiting_time": 56.2261355943129,
    "tl_average_speed": -25.824986111835514,
    "agents_total_stopped": 22.782875443532927,
    "agents_total_accumulated_waiting_time": 56.2261355943129
}