{
    "system_total_stopped": -108.11219011906479,
    "system_total_waiting_time": -596.7635245074443,
    "system_mean_waiting_time": -316.24013172674086,
    "system_mean_speed": 54.02439837317512,
    "tl_stopped": -48.135586507597885,
    "tl_accumulated_waiting_time": -315.6952456171789,
    "tl_average_speed": 42.10565897956156,
    "agents_total_stopped": -48.135586507597885,
    "agents_total_accumulated_waiting_time": -315.6952456171789
}