{
    "system_total_stopped": 24.798360599259162,
    "system_total_waiting_time": 59.54071578901744,
    "system_mean_waiting_time": 60.04788352010385,
    "system_mean_speed": 2.177049159880106,
    "tl_stopped": 24.320344485224386,
    "tl_accumulated_waiting_time": 80.11598585177927,
    "tl_average_speed": -36.396151563090555,
    "agents_total_stopped": 24.320344485224386,
    "agents_total_accumulated_waiting_time": 80.11598585177927
}