{
    "system_total_stopped": -70.18328091096492,
    "system_total_waiting_time": -360.11380699791306,
    "system_mean_waiting_time": -211.91195960696137,
    "system_mean_speed": 39.279009316992244,
    "tl_stopped": -19.61163548401706,
    "tl_accumulated_waiting_time": -200.37792985899046,
    "tl_average_speed": 23.270562436066434,
    "agents_total_stopped": -19.61163548401706,
    "agents_total_accumulated_waiting_time": -200.37792985899046
}