{
    "system_total_stopped": 28.635058019217297,
    "system_total_waiting_time": 1.3417763248754848,
    "system_mean_waiting_time": -28.614264337213363,
    "system_mean_speed": -25.73137261752673,
    "tl_stopped": 28.318800966515617,
    "tl_accumulated_waiting_time": 8.885021809820477,
    "tl_average_speed": -25.659568779112508,
    "agents_total_stopped": 28.318800966515617,
    "agents_total_accumulated_waiting_time": 8.885021809820477
}