{
    "system_total_stopped": -52.57783816656496,
    "system_total_waiting_time": -3145.716585082306,
    "system_mean_waiting_time": -3144.833382654578,
    "system_mean_speed": 61.86651599422658,
    "tl_stopped": -54.050089893718564,
    "tl_accumulated_waiting_time": -430.5572773625163,
    "tl_average_speed": 64.75682119148357,
    "agents_total_stopped": -54.050089893718564,
    "agents_total_accumulated_waiting_time": -430.5572773625163
}