{
    "system_total_stopped": -101.74603995073443,
    "system_total_waiting_time": -6434.966705117538,
    "system_mean_waiting_time": -4851.819059115228,
    "system_mean_speed": 71.79213799197618,
    "tl_stopped": -104.16117095663296,
    "tl_accumulated_waiting_time": -132.50619136534314,
    "tl_average_speed": 73.31466263640345,
    "agents_total_stopped": -104.16117095663296,
    "agents_total_accumulated_waiting_time": -132.50619136534314
}