{
    "system_total_stopped": 35.1975955832654,
    "system_total_waiting_time": 62.53129358412591,
    "system_mean_waiting_time": 51.337229795428385,
    "system_mean_speed": -40.75029087252398,
    "tl_stopped": 29.456800450999292,
    "tl_accumulated_waiting_time": 67.101109344297,
    "tl_average_speed": -35.10018753918656,
    "agents_total_stopped": 29.456800450999292,
    "agents_total_accumulated_waiting_time": 67.101109344297
}